<?xml version="1.0" encoding="UTF-8"?>
<!-- IMPORTANT: This is an internal file that has been generated
     by the Xilinx ISE software.  Any direct editing or
     changes made to this file may result in unpredictable
     behavior or data corruption.  It is strongly advised that
     users do not edit the contents of this file. -->
<DeviceUsageSummary rev="49">
<DesignStatistics TimeStamp="Mon Oct 14 19:22:33 2013"><group name="NetStatistics">
<item name="NumNets_Active" rev="48">
<attrib name="value" value="194"/></item>
<item name="NumNets_Gnd" rev="48">
<attrib name="value" value="1"/></item>
<item name="NumNets_Vcc" rev="48">
<attrib name="value" value="1"/></item>
<item name="NumNodesOfType_Active_BRAMADDR" rev="48">
<attrib name="value" value="16"/></item>
<item name="NumNodesOfType_Active_BRAMDUMMY" rev="48">
<attrib name="value" value="26"/></item>
<item name="NumNodesOfType_Active_CLKPIN" rev="48">
<attrib name="value" value="36"/></item>
<item name="NumNodesOfType_Active_CNTRLPIN" rev="48">
<attrib name="value" value="36"/></item>
<item name="NumNodesOfType_Active_DOUBLE" rev="48">
<attrib name="value" value="187"/></item>
<item name="NumNodesOfType_Active_DUMMY" rev="48">
<attrib name="value" value="228"/></item>
<item name="NumNodesOfType_Active_DUMMYBANK" rev="48">
<attrib name="value" value="9"/></item>
<item name="NumNodesOfType_Active_DUMMYESC" rev="48">
<attrib name="value" value="13"/></item>
<item name="NumNodesOfType_Active_GLOBAL" rev="48">
<attrib name="value" value="17"/></item>
<item name="NumNodesOfType_Active_HFULLHEX" rev="48">
<attrib name="value" value="1"/></item>
<item name="NumNodesOfType_Active_HLONG" rev="48">
<attrib name="value" value="1"/></item>
<item name="NumNodesOfType_Active_HUNIHEX" rev="48">
<attrib name="value" value="16"/></item>
<item name="NumNodesOfType_Active_INPUT" rev="48">
<attrib name="value" value="342"/></item>
<item name="NumNodesOfType_Active_IOBOUTPUT" rev="48">
<attrib name="value" value="13"/></item>
<item name="NumNodesOfType_Active_OMUX" rev="48">
<attrib name="value" value="138"/></item>
<item name="NumNodesOfType_Active_OUTPUT" rev="48">
<attrib name="value" value="143"/></item>
<item name="NumNodesOfType_Active_PREBXBY" rev="48">
<attrib name="value" value="58"/></item>
<item name="NumNodesOfType_Active_VFULLHEX" rev="48">
<attrib name="value" value="22"/></item>
<item name="NumNodesOfType_Active_VLONG" rev="48">
<attrib name="value" value="2"/></item>
<item name="NumNodesOfType_Active_VUNIHEX" rev="48">
<attrib name="value" value="23"/></item>
<item name="NumNodesOfType_Vcc_BRAMADDR" rev="48">
<attrib name="value" value="1"/></item>
<item name="NumNodesOfType_Vcc_BRAMDUMMY" rev="48">
<attrib name="value" value="10"/></item>
<item name="NumNodesOfType_Vcc_CNTRLPIN" rev="48">
<attrib name="value" value="2"/></item>
<item name="NumNodesOfType_Vcc_INPUT" rev="48">
<attrib name="value" value="13"/></item>
<item name="NumNodesOfType_Vcc_PREBXBY" rev="48">
<attrib name="value" value="2"/></item>
<item name="NumNodesOfType_Vcc_VCCOUT" rev="48">
<attrib name="value" value="6"/></item>
</group>
<group name="SiteStatistics">
<item name="IBUF-DIFFMI" rev="48">
<attrib name="value" value="1"/></item>
<item name="IOB-DIFFM" rev="48">
<attrib name="value" value="8"/></item>
<item name="IOB-DIFFS" rev="48">
<attrib name="value" value="3"/></item>
<item name="SLICEL-SLICEM" rev="48">
<attrib name="value" value="26"/></item>
</group>
<group name="MiscellaneousStatistics">
<item name="AGG_BONDED_IO" rev="49">
<attrib name="value" value="24"/></item>
<item name="AGG_IO" rev="49">
<attrib name="value" value="24"/></item>
<item name="AGG_SLICE" rev="49">
<attrib name="value" value="69"/></item>
<item name="NUM_4_INPUT_LUT" rev="49">
<attrib name="value" value="103"/></item>
<item name="NUM_BONDED_IBUF" rev="49">
<attrib name="value" value="13"/></item>
<item name="NUM_BONDED_IOB" rev="49">
<attrib name="value" value="11"/></item>
<item name="NUM_BUFGMUX" rev="49">
<attrib name="value" value="2"/></item>
<item name="NUM_CARRY_SKIP" rev="49">
<attrib name="value" value="1"/></item>
<item name="NUM_CYMUX" rev="49">
<attrib name="value" value="68"/></item>
<item name="NUM_LUT_RT" rev="49">
<attrib name="value" value="26"/></item>
<item name="NUM_RAMB16" rev="49">
<attrib name="value" value="1"/></item>
<item name="NUM_SLICEL" rev="49">
<attrib name="value" value="69"/></item>
<item name="NUM_SLICE_FF" rev="49">
<attrib name="value" value="66"/></item>
<item name="NUM_XOR" rev="49">
<attrib name="value" value="53"/></item>
<item name="Xilinx Core blk_mem_gen_v4_2, Xilinx CORE Generator 12.2" rev="49">
<attrib name="value" value="1"/></item>
</group>
</DesignStatistics>
<ReportConfigData TimeStamp="Mon Oct 14 19:17:15 2013"><group name="SLICEL_CYMUXF">
<item name="0" rev="48">
<attrib name="0" value="36"/><attrib name="0_INV" value="0"/></item>
<item name="1" rev="48">
<attrib name="1_INV" value="2"/><attrib name="1" value="34"/></item>
</group>
<group name="SLICEL_CYMUXG">
<item name="0" rev="48">
<attrib name="0" value="31"/><attrib name="0_INV" value="0"/></item>
</group>
<group name="IBUF_PAD">
<item name="IOATTRBOX" rev="48">
<attrib name="LVCMOS25" value="13"/></item>
</group>
<group name="SLICEL">
<item name="BX" rev="48">
<attrib name="BX_INV" value="2"/><attrib name="BX" value="20"/></item>
<item name="BY" rev="48">
<attrib name="BY" value="12"/><attrib name="BY_INV" value="2"/></item>
<item name="CE" rev="48">
<attrib name="CE" value="2"/><attrib name="CE_INV" value="0"/></item>
<item name="CIN" rev="48">
<attrib name="CIN_INV" value="0"/><attrib name="CIN" value="30"/></item>
<item name="CLK" rev="48">
<attrib name="CLK" value="34"/><attrib name="CLK_INV" value="0"/></item>
<item name="SR" rev="48">
<attrib name="SR" value="34"/><attrib name="SR_INV" value="0"/></item>
</group>
<group name="RAMB16">
<item name="CLKA" rev="48">
<attrib name="CLKA_INV" value="0"/><attrib name="CLKA" value="1"/></item>
<item name="CLKB" rev="48">
<attrib name="CLKB" value="1"/><attrib name="CLKB_INV" value="0"/></item>
<item name="ENA" rev="48">
<attrib name="ENA_INV" value="0"/><attrib name="ENA" value="1"/></item>
<item name="ENB" rev="48">
<attrib name="ENB_INV" value="0"/><attrib name="ENB" value="1"/></item>
<item name="SSRA" rev="48">
<attrib name="SSRA_INV" value="0"/><attrib name="SSRA" value="1"/></item>
<item name="SSRB" rev="48">
<attrib name="SSRB_INV" value="0"/><attrib name="SSRB" value="1"/></item>
<item name="WEA" rev="48">
<attrib name="WEA" value="1"/><attrib name="WEA_INV" value="0"/></item>
<item name="WEB" rev="48">
<attrib name="WEB" value="1"/><attrib name="WEB_INV" value="0"/></item>
</group>
<group name="IOB_OUTBUF">
<item name="IN" rev="48">
<attrib name="IN_INV" value="4"/><attrib name="IN" value="7"/></item>
</group>
<group name="RAMB16_RAMB16A">
<item name="CLKA" rev="48">
<attrib name="CLKA_INV" value="0"/><attrib name="CLKA" value="1"/></item>
<item name="ENA" rev="48">
<attrib name="ENA_INV" value="0"/><attrib name="ENA" value="1"/></item>
<item name="PORTA_ATTR" rev="48">
<attrib name="512X36" value="1"/></item>
<item name="SSRA" rev="48">
<attrib name="SSRA_INV" value="0"/><attrib name="SSRA" value="1"/></item>
<item name="WEA" rev="48">
<attrib name="WEA" value="1"/><attrib name="WEA_INV" value="0"/></item>
<item name="WRITEMODEA" rev="48">
<attrib name="WRITE_FIRST" value="1"/></item>
</group>
<group name="RAMB16_RAMB16B">
<item name="CLKB" rev="48">
<attrib name="CLKB" value="1"/><attrib name="CLKB_INV" value="0"/></item>
<item name="ENB" rev="48">
<attrib name="ENB_INV" value="0"/><attrib name="ENB" value="1"/></item>
<item name="PORTB_ATTR" rev="48">
<attrib name="512X36" value="1"/></item>
<item name="SSRB" rev="48">
<attrib name="SSRB_INV" value="0"/><attrib name="SSRB" value="1"/></item>
<item name="WEB" rev="48">
<attrib name="WEB" value="1"/><attrib name="WEB_INV" value="0"/></item>
<item name="WRITEMODEB" rev="48">
<attrib name="WRITE_FIRST" value="1"/></item>
</group>
<group name="SLICEL_FFX">
<item name="CK" rev="48">
<attrib name="CK" value="32"/><attrib name="CK_INV" value="0"/></item>
<item name="D" rev="48">
<attrib name="D" value="32"/><attrib name="D_INV" value="0"/></item>
<item name="FFX_INIT_ATTR" rev="48">
<attrib name="INIT0" value="31"/><attrib name="INIT1" value="1"/></item>
<item name="FFX_SR_ATTR" rev="48">
<attrib name="SRLOW" value="31"/><attrib name="SRHIGH" value="1"/></item>
<item name="LATCH_OR_FF" rev="48">
<attrib name="FF" value="32"/></item>
<item name="SR" rev="48">
<attrib name="SR" value="32"/><attrib name="SR_INV" value="0"/></item>
<item name="SYNC_ATTR" rev="48">
<attrib name="ASYNC" value="32"/></item>
</group>
<group name="SLICEL_XORF">
<item name="1" rev="48">
<attrib name="1_INV" value="2"/><attrib name="1" value="24"/></item>
</group>
<group name="SLICEL_FFY">
<item name="CE" rev="48">
<attrib name="CE" value="2"/><attrib name="CE_INV" value="0"/></item>
<item name="CK" rev="48">
<attrib name="CK" value="34"/><attrib name="CK_INV" value="0"/></item>
<item name="D" rev="48">
<attrib name="D" value="32"/><attrib name="D_INV" value="2"/></item>
<item name="FFY_INIT_ATTR" rev="48">
<attrib name="INIT0" value="34"/></item>
<item name="FFY_SR_ATTR" rev="48">
<attrib name="SRLOW" value="34"/></item>
<item name="LATCH_OR_FF" rev="48">
<attrib name="FF" value="34"/></item>
<item name="SR" rev="48">
<attrib name="SR" value="34"/><attrib name="SR_INV" value="0"/></item>
<item name="SYNC_ATTR" rev="48">
<attrib name="ASYNC" value="34"/></item>
</group>
<group name="BUFGMUX_GCLKMUX">
<item name="DISABLE_ATTR" rev="48">
<attrib name="LOW" value="2"/></item>
<item name="S" rev="48">
<attrib name="S_INV" value="2"/><attrib name="S" value="0"/></item>
</group>
<group name="SLICEL_F5MUX">
<item name="S0" rev="48">
<attrib name="S0" value="4"/><attrib name="S0_INV" value="0"/></item>
</group>
<group name="IOB_PAD">
<item name="DRIVEATTRBOX" rev="48">
<attrib name="12" value="11"/></item>
<item name="IOATTRBOX" rev="48">
<attrib name="LVCMOS25" value="11"/></item>
<item name="SLEW" rev="48">
<attrib name="SLOW" value="11"/></item>
</group>
<group name="IOB">
<item name="O1" rev="48">
<attrib name="O1_INV" value="4"/><attrib name="O1" value="7"/></item>
</group>
<group name="BUFGMUX">
<item name="S" rev="48">
<attrib name="S_INV" value="2"/><attrib name="S" value="0"/></item>
</group>
</ReportConfigData>
<ReportPinData TimeStamp="Mon Oct 14 19:17:15 2013"><group name="SLICEL_CYMUXF">
<item name="0" rev="48">
<attrib name="value" value="36"/></item>
<item name="1" rev="48">
<attrib name="value" value="36"/></item>
<item name="OUT" rev="48">
<attrib name="value" value="36"/></item>
<item name="S0" rev="48">
<attrib name="value" value="36"/></item>
</group>
<group name="SLICEL_CYMUXG">
<item name="0" rev="48">
<attrib name="value" value="31"/></item>
<item name="1" rev="48">
<attrib name="value" value="32"/></item>
<item name="OUT" rev="48">
<attrib name="value" value="32"/></item>
<item name="S0" rev="48">
<attrib name="value" value="32"/></item>
</group>
<group name="IBUF_PAD">
<item name="PAD" rev="48">
<attrib name="value" value="13"/></item>
</group>
<group name="IBUF_INBUF">
<item name="IN" rev="48">
<attrib name="value" value="13"/></item>
<item name="OUT" rev="48">
<attrib name="value" value="13"/></item>
</group>
<group name="BUFGMUX_GCLK_BUFFER">
<item name="IN" rev="48">
<attrib name="value" value="2"/></item>
<item name="OUT" rev="48">
<attrib name="value" value="2"/></item>
</group>
<group name="SLICEL">
<item name="BX" rev="48">
<attrib name="value" value="22"/></item>
<item name="BY" rev="48">
<attrib name="value" value="14"/></item>
<item name="CE" rev="48">
<attrib name="value" value="2"/></item>
<item name="CIN" rev="48">
<attrib name="value" value="30"/></item>
<item name="CLK" rev="48">
<attrib name="value" value="34"/></item>
<item name="COUT" rev="48">
<attrib name="value" value="32"/></item>
<item name="F1" rev="48">
<attrib name="value" value="53"/></item>
<item name="F2" rev="48">
<attrib name="value" value="37"/></item>
<item name="F3" rev="48">
<attrib name="value" value="15"/></item>
<item name="F4" rev="48">
<attrib name="value" value="9"/></item>
<item name="G1" rev="48">
<attrib name="value" value="50"/></item>
<item name="G2" rev="48">
<attrib name="value" value="33"/></item>
<item name="G3" rev="48">
<attrib name="value" value="16"/></item>
<item name="G4" rev="48">
<attrib name="value" value="12"/></item>
<item name="SR" rev="48">
<attrib name="value" value="34"/></item>
<item name="X" rev="48">
<attrib name="value" value="23"/></item>
<item name="XQ" rev="48">
<attrib name="value" value="32"/></item>
<item name="Y" rev="48">
<attrib name="value" value="18"/></item>
<item name="YQ" rev="48">
<attrib name="value" value="34"/></item>
</group>
<group name="RAMB16">
<item name="ADDRA10" rev="48">
<attrib name="value" value="1"/></item>
<item name="ADDRA11" rev="48">
<attrib name="value" value="1"/></item>
<item name="ADDRA12" rev="48">
<attrib name="value" value="1"/></item>
<item name="ADDRA13" rev="48">
<attrib name="value" value="1"/></item>
<item name="ADDRA5" rev="48">
<attrib name="value" value="1"/></item>
<item name="ADDRA6" rev="48">
<attrib name="value" value="1"/></item>
<item name="ADDRA7" rev="48">
<attrib name="value" value="1"/></item>
<item name="ADDRA8" rev="48">
<attrib name="value" value="1"/></item>
<item name="ADDRA9" rev="48">
<attrib name="value" value="1"/></item>
<item name="ADDRB10" rev="48">
<attrib name="value" value="1"/></item>
<item name="ADDRB11" rev="48">
<attrib name="value" value="1"/></item>
<item name="ADDRB12" rev="48">
<attrib name="value" value="1"/></item>
<item name="ADDRB13" rev="48">
<attrib name="value" value="1"/></item>
<item name="ADDRB5" rev="48">
<attrib name="value" value="1"/></item>
<item name="ADDRB6" rev="48">
<attrib name="value" value="1"/></item>
<item name="ADDRB7" rev="48">
<attrib name="value" value="1"/></item>
<item name="ADDRB8" rev="48">
<attrib name="value" value="1"/></item>
<item name="ADDRB9" rev="48">
<attrib name="value" value="1"/></item>
<item name="CLKA" rev="48">
<attrib name="value" value="1"/></item>
<item name="CLKB" rev="48">
<attrib name="value" value="1"/></item>
<item name="DIA0" rev="48">
<attrib name="value" value="1"/></item>
<item name="DIA1" rev="48">
<attrib name="value" value="1"/></item>
<item name="DIA10" rev="48">
<attrib name="value" value="1"/></item>
<item name="DIA11" rev="48">
<attrib name="value" value="1"/></item>
<item name="DIA12" rev="48">
<attrib name="value" value="1"/></item>
<item name="DIA13" rev="48">
<attrib name="value" value="1"/></item>
<item name="DIA14" rev="48">
<attrib name="value" value="1"/></item>
<item name="DIA15" rev="48">
<attrib name="value" value="1"/></item>
<item name="DIA16" rev="48">
<attrib name="value" value="1"/></item>
<item name="DIA17" rev="48">
<attrib name="value" value="1"/></item>
<item name="DIA18" rev="48">
<attrib name="value" value="1"/></item>
<item name="DIA19" rev="48">
<attrib name="value" value="1"/></item>
<item name="DIA2" rev="48">
<attrib name="value" value="1"/></item>
<item name="DIA20" rev="48">
<attrib name="value" value="1"/></item>
<item name="DIA21" rev="48">
<attrib name="value" value="1"/></item>
<item name="DIA22" rev="48">
<attrib name="value" value="1"/></item>
<item name="DIA23" rev="48">
<attrib name="value" value="1"/></item>
<item name="DIA24" rev="48">
<attrib name="value" value="1"/></item>
<item name="DIA25" rev="48">
<attrib name="value" value="1"/></item>
<item name="DIA26" rev="48">
<attrib name="value" value="1"/></item>
<item name="DIA27" rev="48">
<attrib name="value" value="1"/></item>
<item name="DIA28" rev="48">
<attrib name="value" value="1"/></item>
<item name="DIA29" rev="48">
<attrib name="value" value="1"/></item>
<item name="DIA3" rev="48">
<attrib name="value" value="1"/></item>
<item name="DIA30" rev="48">
<attrib name="value" value="1"/></item>
<item name="DIA31" rev="48">
<attrib name="value" value="1"/></item>
<item name="DIA4" rev="48">
<attrib name="value" value="1"/></item>
<item name="DIA5" rev="48">
<attrib name="value" value="1"/></item>
<item name="DIA6" rev="48">
<attrib name="value" value="1"/></item>
<item name="DIA7" rev="48">
<attrib name="value" value="1"/></item>
<item name="DIA8" rev="48">
<attrib name="value" value="1"/></item>
<item name="DIA9" rev="48">
<attrib name="value" value="1"/></item>
<item name="DIB0" rev="48">
<attrib name="value" value="1"/></item>
<item name="DIB1" rev="48">
<attrib name="value" value="1"/></item>
<item name="DIB10" rev="48">
<attrib name="value" value="1"/></item>
<item name="DIB11" rev="48">
<attrib name="value" value="1"/></item>
<item name="DIB12" rev="48">
<attrib name="value" value="1"/></item>
<item name="DIB13" rev="48">
<attrib name="value" value="1"/></item>
<item name="DIB14" rev="48">
<attrib name="value" value="1"/></item>
<item name="DIB15" rev="48">
<attrib name="value" value="1"/></item>
<item name="DIB16" rev="48">
<attrib name="value" value="1"/></item>
<item name="DIB17" rev="48">
<attrib name="value" value="1"/></item>
<item name="DIB18" rev="48">
<attrib name="value" value="1"/></item>
<item name="DIB19" rev="48">
<attrib name="value" value="1"/></item>
<item name="DIB2" rev="48">
<attrib name="value" value="1"/></item>
<item name="DIB20" rev="48">
<attrib name="value" value="1"/></item>
<item name="DIB21" rev="48">
<attrib name="value" value="1"/></item>
<item name="DIB22" rev="48">
<attrib name="value" value="1"/></item>
<item name="DIB23" rev="48">
<attrib name="value" value="1"/></item>
<item name="DIB24" rev="48">
<attrib name="value" value="1"/></item>
<item name="DIB25" rev="48">
<attrib name="value" value="1"/></item>
<item name="DIB26" rev="48">
<attrib name="value" value="1"/></item>
<item name="DIB27" rev="48">
<attrib name="value" value="1"/></item>
<item name="DIB28" rev="48">
<attrib name="value" value="1"/></item>
<item name="DIB29" rev="48">
<attrib name="value" value="1"/></item>
<item name="DIB3" rev="48">
<attrib name="value" value="1"/></item>
<item name="DIB30" rev="48">
<attrib name="value" value="1"/></item>
<item name="DIB31" rev="48">
<attrib name="value" value="1"/></item>
<item name="DIB4" rev="48">
<attrib name="value" value="1"/></item>
<item name="DIB5" rev="48">
<attrib name="value" value="1"/></item>
<item name="DIB6" rev="48">
<attrib name="value" value="1"/></item>
<item name="DIB7" rev="48">
<attrib name="value" value="1"/></item>
<item name="DIB8" rev="48">
<attrib name="value" value="1"/></item>
<item name="DIB9" rev="48">
<attrib name="value" value="1"/></item>
<item name="DIPA0" rev="48">
<attrib name="value" value="1"/></item>
<item name="DIPA1" rev="48">
<attrib name="value" value="1"/></item>
<item name="DIPA2" rev="48">
<attrib name="value" value="1"/></item>
<item name="DIPA3" rev="48">
<attrib name="value" value="1"/></item>
<item name="DIPB0" rev="48">
<attrib name="value" value="1"/></item>
<item name="DIPB1" rev="48">
<attrib name="value" value="1"/></item>
<item name="DIPB2" rev="48">
<attrib name="value" value="1"/></item>
<item name="DIPB3" rev="48">
<attrib name="value" value="1"/></item>
<item name="DOA0" rev="48">
<attrib name="value" value="1"/></item>
<item name="DOA1" rev="48">
<attrib name="value" value="1"/></item>
<item name="DOA16" rev="48">
<attrib name="value" value="1"/></item>
<item name="DOA17" rev="48">
<attrib name="value" value="1"/></item>
<item name="DOA24" rev="48">
<attrib name="value" value="1"/></item>
<item name="DOA25" rev="48">
<attrib name="value" value="1"/></item>
<item name="DOA8" rev="48">
<attrib name="value" value="1"/></item>
<item name="DOA9" rev="48">
<attrib name="value" value="1"/></item>
<item name="DOB0" rev="48">
<attrib name="value" value="1"/></item>
<item name="DOB1" rev="48">
<attrib name="value" value="1"/></item>
<item name="DOB16" rev="48">
<attrib name="value" value="1"/></item>
<item name="DOB17" rev="48">
<attrib name="value" value="1"/></item>
<item name="DOB24" rev="48">
<attrib name="value" value="1"/></item>
<item name="DOB25" rev="48">
<attrib name="value" value="1"/></item>
<item name="DOB8" rev="48">
<attrib name="value" value="1"/></item>
<item name="DOB9" rev="48">
<attrib name="value" value="1"/></item>
<item name="ENA" rev="48">
<attrib name="value" value="1"/></item>
<item name="ENB" rev="48">
<attrib name="value" value="1"/></item>
<item name="SSRA" rev="48">
<attrib name="value" value="1"/></item>
<item name="SSRB" rev="48">
<attrib name="value" value="1"/></item>
<item name="WEA" rev="48">
<attrib name="value" value="1"/></item>
<item name="WEB" rev="48">
<attrib name="value" value="1"/></item>
</group>
<group name="IOB_OUTBUF">
<item name="IN" rev="48">
<attrib name="value" value="11"/></item>
<item name="OUT" rev="48">
<attrib name="value" value="11"/></item>
</group>
<group name="RAMB16_RAMB16A">
<item name="ADDRA" rev="48">
<attrib name="value" value="1"/></item>
<item name="ADDRA10" rev="48">
<attrib name="value" value="1"/></item>
<item name="ADDRA11" rev="48">
<attrib name="value" value="1"/></item>
<item name="ADDRA12" rev="48">
<attrib name="value" value="1"/></item>
<item name="ADDRA13" rev="48">
<attrib name="value" value="1"/></item>
<item name="ADDRA5" rev="48">
<attrib name="value" value="1"/></item>
<item name="ADDRA6" rev="48">
<attrib name="value" value="1"/></item>
<item name="ADDRA7" rev="48">
<attrib name="value" value="1"/></item>
<item name="ADDRA8" rev="48">
<attrib name="value" value="1"/></item>
<item name="ADDRA9" rev="48">
<attrib name="value" value="1"/></item>
<item name="CLKA" rev="48">
<attrib name="value" value="1"/></item>
<item name="DIA" rev="48">
<attrib name="value" value="1"/></item>
<item name="DIA0" rev="48">
<attrib name="value" value="1"/></item>
<item name="DIA1" rev="48">
<attrib name="value" value="1"/></item>
<item name="DIA10" rev="48">
<attrib name="value" value="1"/></item>
<item name="DIA11" rev="48">
<attrib name="value" value="1"/></item>
<item name="DIA12" rev="48">
<attrib name="value" value="1"/></item>
<item name="DIA13" rev="48">
<attrib name="value" value="1"/></item>
<item name="DIA14" rev="48">
<attrib name="value" value="1"/></item>
<item name="DIA15" rev="48">
<attrib name="value" value="1"/></item>
<item name="DIA16" rev="48">
<attrib name="value" value="1"/></item>
<item name="DIA17" rev="48">
<attrib name="value" value="1"/></item>
<item name="DIA18" rev="48">
<attrib name="value" value="1"/></item>
<item name="DIA19" rev="48">
<attrib name="value" value="1"/></item>
<item name="DIA2" rev="48">
<attrib name="value" value="1"/></item>
<item name="DIA20" rev="48">
<attrib name="value" value="1"/></item>
<item name="DIA21" rev="48">
<attrib name="value" value="1"/></item>
<item name="DIA22" rev="48">
<attrib name="value" value="1"/></item>
<item name="DIA23" rev="48">
<attrib name="value" value="1"/></item>
<item name="DIA24" rev="48">
<attrib name="value" value="1"/></item>
<item name="DIA25" rev="48">
<attrib name="value" value="1"/></item>
<item name="DIA26" rev="48">
<attrib name="value" value="1"/></item>
<item name="DIA27" rev="48">
<attrib name="value" value="1"/></item>
<item name="DIA28" rev="48">
<attrib name="value" value="1"/></item>
<item name="DIA29" rev="48">
<attrib name="value" value="1"/></item>
<item name="DIA3" rev="48">
<attrib name="value" value="1"/></item>
<item name="DIA30" rev="48">
<attrib name="value" value="1"/></item>
<item name="DIA31" rev="48">
<attrib name="value" value="1"/></item>
<item name="DIA4" rev="48">
<attrib name="value" value="1"/></item>
<item name="DIA5" rev="48">
<attrib name="value" value="1"/></item>
<item name="DIA6" rev="48">
<attrib name="value" value="1"/></item>
<item name="DIA7" rev="48">
<attrib name="value" value="1"/></item>
<item name="DIA8" rev="48">
<attrib name="value" value="1"/></item>
<item name="DIA9" rev="48">
<attrib name="value" value="1"/></item>
<item name="DIPA0" rev="48">
<attrib name="value" value="1"/></item>
<item name="DIPA1" rev="48">
<attrib name="value" value="1"/></item>
<item name="DIPA2" rev="48">
<attrib name="value" value="1"/></item>
<item name="DIPA3" rev="48">
<attrib name="value" value="1"/></item>
<item name="DOA" rev="48">
<attrib name="value" value="1"/></item>
<item name="DOA0" rev="48">
<attrib name="value" value="1"/></item>
<item name="DOA1" rev="48">
<attrib name="value" value="1"/></item>
<item name="DOA16" rev="48">
<attrib name="value" value="1"/></item>
<item name="DOA17" rev="48">
<attrib name="value" value="1"/></item>
<item name="DOA24" rev="48">
<attrib name="value" value="1"/></item>
<item name="DOA25" rev="48">
<attrib name="value" value="1"/></item>
<item name="DOA8" rev="48">
<attrib name="value" value="1"/></item>
<item name="DOA9" rev="48">
<attrib name="value" value="1"/></item>
<item name="ENA" rev="48">
<attrib name="value" value="1"/></item>
<item name="SSRA" rev="48">
<attrib name="value" value="1"/></item>
<item name="WEA" rev="48">
<attrib name="value" value="1"/></item>
</group>
<group name="RAMB16_RAMB16B">
<item name="ADDRB" rev="48">
<attrib name="value" value="1"/></item>
<item name="ADDRB10" rev="48">
<attrib name="value" value="1"/></item>
<item name="ADDRB11" rev="48">
<attrib name="value" value="1"/></item>
<item name="ADDRB12" rev="48">
<attrib name="value" value="1"/></item>
<item name="ADDRB13" rev="48">
<attrib name="value" value="1"/></item>
<item name="ADDRB5" rev="48">
<attrib name="value" value="1"/></item>
<item name="ADDRB6" rev="48">
<attrib name="value" value="1"/></item>
<item name="ADDRB7" rev="48">
<attrib name="value" value="1"/></item>
<item name="ADDRB8" rev="48">
<attrib name="value" value="1"/></item>
<item name="ADDRB9" rev="48">
<attrib name="value" value="1"/></item>
<item name="CLKB" rev="48">
<attrib name="value" value="1"/></item>
<item name="DIB" rev="48">
<attrib name="value" value="1"/></item>
<item name="DIB0" rev="48">
<attrib name="value" value="1"/></item>
<item name="DIB1" rev="48">
<attrib name="value" value="1"/></item>
<item name="DIB10" rev="48">
<attrib name="value" value="1"/></item>
<item name="DIB11" rev="48">
<attrib name="value" value="1"/></item>
<item name="DIB12" rev="48">
<attrib name="value" value="1"/></item>
<item name="DIB13" rev="48">
<attrib name="value" value="1"/></item>
<item name="DIB14" rev="48">
<attrib name="value" value="1"/></item>
<item name="DIB15" rev="48">
<attrib name="value" value="1"/></item>
<item name="DIB16" rev="48">
<attrib name="value" value="1"/></item>
<item name="DIB17" rev="48">
<attrib name="value" value="1"/></item>
<item name="DIB18" rev="48">
<attrib name="value" value="1"/></item>
<item name="DIB19" rev="48">
<attrib name="value" value="1"/></item>
<item name="DIB2" rev="48">
<attrib name="value" value="1"/></item>
<item name="DIB20" rev="48">
<attrib name="value" value="1"/></item>
<item name="DIB21" rev="48">
<attrib name="value" value="1"/></item>
<item name="DIB22" rev="48">
<attrib name="value" value="1"/></item>
<item name="DIB23" rev="48">
<attrib name="value" value="1"/></item>
<item name="DIB24" rev="48">
<attrib name="value" value="1"/></item>
<item name="DIB25" rev="48">
<attrib name="value" value="1"/></item>
<item name="DIB26" rev="48">
<attrib name="value" value="1"/></item>
<item name="DIB27" rev="48">
<attrib name="value" value="1"/></item>
<item name="DIB28" rev="48">
<attrib name="value" value="1"/></item>
<item name="DIB29" rev="48">
<attrib name="value" value="1"/></item>
<item name="DIB3" rev="48">
<attrib name="value" value="1"/></item>
<item name="DIB30" rev="48">
<attrib name="value" value="1"/></item>
<item name="DIB31" rev="48">
<attrib name="value" value="1"/></item>
<item name="DIB4" rev="48">
<attrib name="value" value="1"/></item>
<item name="DIB5" rev="48">
<attrib name="value" value="1"/></item>
<item name="DIB6" rev="48">
<attrib name="value" value="1"/></item>
<item name="DIB7" rev="48">
<attrib name="value" value="1"/></item>
<item name="DIB8" rev="48">
<attrib name="value" value="1"/></item>
<item name="DIB9" rev="48">
<attrib name="value" value="1"/></item>
<item name="DIPB0" rev="48">
<attrib name="value" value="1"/></item>
<item name="DIPB1" rev="48">
<attrib name="value" value="1"/></item>
<item name="DIPB2" rev="48">
<attrib name="value" value="1"/></item>
<item name="DIPB3" rev="48">
<attrib name="value" value="1"/></item>
<item name="DOB" rev="48">
<attrib name="value" value="1"/></item>
<item name="DOB0" rev="48">
<attrib name="value" value="1"/></item>
<item name="DOB1" rev="48">
<attrib name="value" value="1"/></item>
<item name="DOB16" rev="48">
<attrib name="value" value="1"/></item>
<item name="DOB17" rev="48">
<attrib name="value" value="1"/></item>
<item name="DOB24" rev="48">
<attrib name="value" value="1"/></item>
<item name="DOB25" rev="48">
<attrib name="value" value="1"/></item>
<item name="DOB8" rev="48">
<attrib name="value" value="1"/></item>
<item name="DOB9" rev="48">
<attrib name="value" value="1"/></item>
<item name="ENB" rev="48">
<attrib name="value" value="1"/></item>
<item name="SSRB" rev="48">
<attrib name="value" value="1"/></item>
<item name="WEB" rev="48">
<attrib name="value" value="1"/></item>
</group>
<group name="IBUF">
<item name="I" rev="48">
<attrib name="value" value="13"/></item>
<item name="PAD" rev="48">
<attrib name="value" value="13"/></item>
</group>
<group name="SLICEL_VDDG">
<item name="1" rev="48">
<attrib name="value" value="1"/></item>
</group>
<group name="SLICEL_C2VDD">
<item name="1" rev="48">
<attrib name="value" value="7"/></item>
</group>
<group name="SLICEL_FFX">
<item name="CK" rev="48">
<attrib name="value" value="32"/></item>
<item name="D" rev="48">
<attrib name="value" value="32"/></item>
<item name="Q" rev="48">
<attrib name="value" value="32"/></item>
<item name="SR" rev="48">
<attrib name="value" value="32"/></item>
</group>
<group name="SLICEL_XORF">
<item name="0" rev="48">
<attrib name="value" value="26"/></item>
<item name="1" rev="48">
<attrib name="value" value="26"/></item>
<item name="O" rev="48">
<attrib name="value" value="26"/></item>
</group>
<group name="SLICEL_FFY">
<item name="CE" rev="48">
<attrib name="value" value="2"/></item>
<item name="CK" rev="48">
<attrib name="value" value="34"/></item>
<item name="D" rev="48">
<attrib name="value" value="34"/></item>
<item name="Q" rev="48">
<attrib name="value" value="34"/></item>
<item name="SR" rev="48">
<attrib name="value" value="34"/></item>
</group>
<group name="SLICEL_XORG">
<item name="0" rev="48">
<attrib name="value" value="27"/></item>
<item name="1" rev="48">
<attrib name="value" value="27"/></item>
<item name="O" rev="48">
<attrib name="value" value="27"/></item>
</group>
<group name="BUFGMUX_GCLKMUX">
<item name="I0" rev="48">
<attrib name="value" value="2"/></item>
<item name="OUT" rev="48">
<attrib name="value" value="2"/></item>
<item name="S" rev="48">
<attrib name="value" value="2"/></item>
</group>
<group name="SLICEL_F5MUX">
<item name="F" rev="48">
<attrib name="value" value="4"/></item>
<item name="G" rev="48">
<attrib name="value" value="4"/></item>
<item name="OUT" rev="48">
<attrib name="value" value="4"/></item>
<item name="S0" rev="48">
<attrib name="value" value="4"/></item>
</group>
<group name="IOB_PAD">
<item name="PAD" rev="48">
<attrib name="value" value="11"/></item>
</group>
<group name="IOB">
<item name="O1" rev="48">
<attrib name="value" value="11"/></item>
<item name="PAD" rev="48">
<attrib name="value" value="11"/></item>
</group>
<group name="SLICEL_C1VDD">
<item name="1" rev="48">
<attrib name="value" value="2"/></item>
</group>
<group name="BUFGMUX">
<item name="I0" rev="48">
<attrib name="value" value="2"/></item>
<item name="O" rev="48">
<attrib name="value" value="2"/></item>
<item name="S" rev="48">
<attrib name="value" value="2"/></item>
</group>
<group name="SLICEL_F">
<item name="A1" rev="48">
<attrib name="value" value="53"/></item>
<item name="A2" rev="48">
<attrib name="value" value="37"/></item>
<item name="A3" rev="48">
<attrib name="value" value="15"/></item>
<item name="A4" rev="48">
<attrib name="value" value="9"/></item>
<item name="D" rev="48">
<attrib name="value" value="53"/></item>
</group>
<group name="SLICEL_G">
<item name="A1" rev="48">
<attrib name="value" value="50"/></item>
<item name="A2" rev="48">
<attrib name="value" value="33"/></item>
<item name="A3" rev="48">
<attrib name="value" value="16"/></item>
<item name="A4" rev="48">
<attrib name="value" value="12"/></item>
<item name="D" rev="48">
<attrib name="value" value="50"/></item>
</group>
<group name="RAMB16_RAMB16">
<item name="ADDRA" rev="48">
<attrib name="value" value="1"/></item>
<item name="ADDRB" rev="48">
<attrib name="value" value="1"/></item>
<item name="DIA" rev="48">
<attrib name="value" value="1"/></item>
<item name="DIB" rev="48">
<attrib name="value" value="1"/></item>
<item name="DOA" rev="48">
<attrib name="value" value="1"/></item>
<item name="DOB" rev="48">
<attrib name="value" value="1"/></item>
</group>
<group name="SLICEL_GNDF">
<item name="0" rev="48">
<attrib name="value" value="34"/></item>
</group>
<group name="SLICEL_GNDG">
<item name="0" rev="48">
<attrib name="value" value="24"/></item>
</group>
</ReportPinData>
<CmdHistory>
</CmdHistory>
</DeviceUsageSummary>
